start_tick,end_tick,seconds,target,node_count,nodes_considered,predicted_ticks,path_geometry,travel,endpoint_distance,travel_to_endpoint_ratio,unfinished
0,13,0.65,"[1128, 67, 126]",2,37,20.53138753764188,1.4142135623730951,1.715227993217551,1.209306984074045,1.4183561459631238,
23,24,0.05,"[1127, 68, 126]",2,76,34.3119376289183,1.0,0.0,0.09800000056246884,,
34,56,1.1,"[1127, 68, 126]",2,76,34.3119376289183,1.0,0.0,0.0,,
65,66,0.05,"[1128, 67, 125]",2,16,19.06193790133015,1.0,0.0,0.0,,
68,75,0.35,"[1128, 67, 125]",2,13,18.53138753764188,1.0,0.14489217079874506,0.16437096714469937,,
78,89,0.55,"[1128, 68, 125]",2,16,19.06193790133015,1.0,1.3708587883527825,1.2616895647588253,1.0865262158325175,
127,184,2.85,"[1128, 69, 125]",2,2,9.127583749109052,2.23606797749979,7.225229543103644,2.29068164947174,3.1541831859393787,
243,246,0.15,"[1127, 68, 124]",2,2,3.5637918745545254,1.0,0.3243604304591387,0.43190083318154143,,
254,255,0.05,"[1127, 70, 122]",2,10,19.06193790133015,1.0,0.04659999847412166,0.0,,
264,282,0.9,"[1127, 70, 122]",2,10,19.06193790133015,1.0,1.5046908275179096,1.2853236325211577,1.170670786287858,
299,306,0.35,"[1127, 71, 122]",4,44,45.43580353473712,3.414213562373095,0.0,0.0,,
306,322,0.8,"[1127, 71, 122]",3,7,26.373865633406968,2.414213562373095,0.0,0.0,,
322,355,1.65,"[1127, 71, 122]",5,11,31.066525118081458,6.576491222541475,7.57411363328568,4.223420769458864,1.7933599436875745,
357,431,3.7,"[1127, 71, 122]",10,352,63.81940072980423,11.89292222699217,14.524154120816657,5.401556684679231,2.688883032925011,
469,490,1.05,"[1125, 71, 123]",3,5,21.95051755758819,4.576491222541475,4.342681576670461,2.5022025162381856,1.735543605478926,
515,516,0.05,"[1124, 72, 124]",2,5,20.53138753764188,1.4142135623730951,0.0,0.0,,
534,552,0.9,"[1125, 72, 125]",2,4,20.53138753764188,1.4142135623730951,1.7152279434810476,1.2093069075034004,1.418356194642198,
554,589,1.75,"[1125, 72, 125]",6,49,37.92403939570064,7.16227766016838,7.397905498430079,4.323400604368299,1.711131161649778,
589,591,0.1,"[1123, 70, 123]",2,11,19.06193790133015,1.0,0.2317537604767707,0.1559372293913347,,
600,604,0.2,"[1123, 70, 123]",2,2,3.5637918745545254,1.0,0.5593006812473423,0.6875779104880336,,
611,627,0.8,"[1123, 70, 123]",3,14,21.297809550674593,2.8284271247461903,1.1180190158112682,1.1180189837864218,1.0000000286442778,
635,639,0.2,"[1122, 69, 123]",2,2,6.63284688441047,1.4142135623730951,0.7724079000516133,1.0291475876369438,0.7505317112243949,
646,648,0.1,"[1124, 70, 124]",2,1,0.0,1.0,0.18055030078301712,0.2259804780415649,,
667,681,0.7,"[1122, 69, 124]",2,5,20.53138753764188,1.4142135623730951,1.7492901541317567,1.2557814512254153,1.3929893234406086,
689,713,1.2,"[1122, 71, 124]",4,21,42.16794951056751,3.414213562373095,3.924796243408719,2.2549561310614337,1.740519999190083,
719,735,0.8,"[1122, 71, 124]",4,4,13.76043063351952,3.414213562373095,3.2533969787584534,2.290633409936334,1.4203045169278652,
743,793,2.5,"[1122, 71, 125]",3,32,41.89198868422463,2.8284271247461903,3.3489328988895366,2.272812058652633,1.4734755063183045,
794,797,0.15,"[1122, 71, 125]",2,2,9.25914193392461,1.4142135623730951,0.18337081219303186,0.27573610870449144,,
803,804,0.05,"[1122, 73, 125]",2,7,19.06193790133015,1.0,0.004085939711215727,0.0,,
813,819,0.3,"[1122, 73, 125]",2,7,19.06193790133015,1.0,1.3402084225218183,1.2610549346624262,1.0627676762397196,
832,837,0.25,"[1122, 73, 126]",2,2,6.63284688441047,1.4142135623730951,1.2267685095902734,1.3258712003955195,0.9252546621604852,
842,846,0.2,"[1122, 73, 126]",2,2,3.5637918745545254,1.0,0.629193255728691,0.7001049400126313,,
859,862,0.15,"[1123, 73, 125]",2,2,5.039962802470046,1.4142135623730951,0.3243604480226625,0.431900856568165,,
862,875,0.65,"[1122, 73, 127]",3,10,16.73874286846618,3.23606797749979,2.215323416156192,2.15456100563655,1.0282017591336152,
894,896,0.1,"[1122, 72, 128]",2,1,0.0,1.0,0.1274000123936615,0.1969604272402364,,
896,906,0.5,"[1122, 72, 128]",2,6,13.174950993911652,2.23606797749979,2.3539369582596006,2.0695936413179954,1.1373908922335714,
958,962,0.2,"[1122, 71, 127]",2,2,9.25914193392461,1.4142135623730951,0.33223140250304883,0.3773983758545195,,
968,972,0.2,"[1124, 72, 128]",2,2,5.039962802470046,1.4142135623730951,0.559277170028917,0.6875492203769543,,
977,986,0.45,"[1124, 72, 128]",2,2,6.63284688441047,1.4142135623730951,1.8456924793001557,1.400264894992826,1.3181023718441587,
995,998,0.15,"[1124, 72, 129]",2,2,3.5637918745545254,1.0,0.3243604441621557,0.43190085142774565,,
1013,1014,0.05,"[1124, 72, 130]",2,2,3.5637918745545254,1.0,0.013457994956776222,0.0073480660999059285,,
1014,1017,0.15,"[1124, 72, 130]",2,2,3.5637918745545254,1.0,0.33788399317062684,0.43926691572097387,,
1023,1029,0.3,"[1124, 72, 130]",3,3,7.127583749109051,2.0,1.0819765237182968,1.227757061860895,0.8812627166471837,
1034,1048,0.7,"[1125, 71, 129]",4,8,15.236601561435041,3.8284271247461903,3.175912843716997,2.719201244957088,1.1679579985508268,
1054,1055,0.05,"[1125, 71, 129]",2,4,13.174950993911652,2.23606797749979,0.0041897575990298514,0.0,,
1055,1077,1.1,"[1125, 71, 129]",5,10,27.24575787335696,5.242640687119286,4.547356673516227,4.205607373260645,1.0812603911692833,
1080,1113,1.65,"[1125, 71, 129]",4,12,19.517640357131192,3.8284271247461903,7.048061538880282,2.993719547207134,2.3542824996601563,
1120,1123,0.15,"[1125, 71, 129]",2,1,0.0,1.0,0.32565271562434317,0.42368510655603153,,
1137,1138,0.05,"[1123, 72, 131]",2,2,6.63284688441047,1.4142135623730951,0.0,0.0,,
1147,1154,0.35,"[1123, 72, 131]",2,2,6.63284688441047,1.4142135623730951,1.482236535199537,1.3643576974901728,1.0863987779203432,
1165,1166,0.05,"[1122, 72, 131]",2,2,5.039962802470046,1.4142135623730951,0.0,0.0,,
1167,1170,0.15,"[1122, 72, 131]",2,2,5.039962802470046,1.4142135623730951,0.3243604405731843,0.43190084416453944,,
1175,1177,0.1,"[1122, 72, 131]",2,2,5.039962802470046,1.4142135623730951,0.13261838670733322,0.19696042904664837,,
1182,1185,0.15,"[1122, 72, 131]",2,2,3.5637918745545254,1.0,0.32773573698518155,0.43190058879642823,,
1186,1187,0.05,"[1122, 71, 130]",2,11,16.3647240403464,1.0,0.05871703583695843,0.032059505290778764,,
1187,1189,0.1,"[1122, 71, 130]",2,2,3.5637918745545254,1.0,0.17696398359574017,0.2240223326492672,,
1196,1210,0.7,"[1122, 71, 130]",2,11,16.3647240403464,1.0,0.0979966409082338,0.15150281305909888,,
1210,1211,0.05,"[1122, 71, 130]",2,4,9.321001598166195,1.4142135623730951,0.053506172150865075,0.0292143733876174,,
1218,1222,0.2,"[1122, 71, 130]",2,4,9.321001598166195,1.4142135623730951,0.3575042590719887,0.5300630154657838,,
1240,1248,0.4,,2,2,9.25914193392461,1.4142135623730951,0.7807293403679674,0.7867503933207345,,
1248,1258,0.5,"[1121, 72, 131]",2,2,6.63284688441047,1.4142135623730951,1.8641600528038036,1.2432891361210308,1.4993777381662352,
1269,1291,1.1,"[1122, 71, 132]",3,35,23.938941368972408,4.576491222541475,5.550423007124786,4.472399177205039,1.2410392693510517,
1293,1296,0.15,"[1122, 71, 132]",4,81,62.00888581373147,3.0,0.5593004583231607,0.5601779111388353,,
1304,1345,2.05,"[1122, 71, 132]",7,157,58.61715332059029,6.82842712474619,7.594009072757348,4.286189205020498,1.7717391159173133,
1347,1359,0.6,"[1122, 71, 132]",3,8,12.88479347272072,2.414213562373095,2.2164789763381267,2.1623608274944415,1.025027344259835,
1366,1373,0.35,"[1122, 71, 132]",2,2,3.5637918745545254,1.0,2.6167256538178316,2.7666695181740186,0.9458034783803347,
1373,1398,1.25,"[1122, 71, 132]",3,25,32.694784696333656,2.414213562373095,3.445908203114563,2.0651307203602873,1.6686150514062288,
1451,1452,0.05,"[1123, 69, 131]",2,7,18.53138753764188,1.0,0.0,0.0,,
1453,1466,0.65,"[1123, 70, 129]",3,8,18.448585347275248,3.6502815398728847,2.6072513997742948,2.0979692554490263,1.242750051271017,
1466,1474,0.4,"[1123, 70, 129]",2,4,9.321001598166195,1.4142135623730951,1.4093078216765789,1.4043335374577752,1.0035420960093344,
1481,1484,0.15,"[1123, 70, 129]",2,1,0.0,1.0,0.3256403239173619,0.4236457032888323,,
1502,1520,0.9,"[1120, 72, 129]",3,15,25.16423442205235,2.414213562373095,2.574794952534388,1.5668439214921497,1.6433002146648648,
1531,1552,1.05,"[1120, 72, 129]",3,6,19.324222508074048,4.576491222541475,5.219874590837757,2.9835717899727054,1.7495387938647557,
1556,1560,0.2,"[1120, 72, 129]",2,3,9.321001598166195,1.4142135623730951,0.5252168453582201,0.6733691483608419,,
1576,1579,0.15,"[1120, 73, 129]",3,3,7.127583749109051,2.0,0.29605924229152214,0.36402078964176887,,
1586,1603,0.85,"[1119, 72, 129]",3,17,24.095179412196405,2.414213562373095,2.611594406335632,1.8889441478077695,1.382568356701568,
1604,1612,0.4,"[1119, 72, 129]",2,3,9.321001598166195,1.4142135623730951,1.2506658383471716,1.3081568744991088,0.9560518793482239,
1622,1623,0.05,"[1120, 71, 130]",4,15,19.742307750339904,3.0,0.0,0.0,,
1628,1630,0.1,"[1120, 71, 130]",2,2,3.5637918745545254,1.0,0.12740001072537782,0.19696042466111766,,
1632,1650,0.9,"[1120, 71, 130]",4,15,19.742307750339904,3.0,2.402472798222506,2.1512540347555205,1.1167778232641572,
1666,1673,0.35,"[1119, 72, 131]",2,2,6.63284688441047,1.4142135623730951,1.4612747919481635,0.696478094766937,,
1675,1688,0.65,"[1120, 71, 132]",3,7,12.88479347272072,2.414213562373095,2.353362621522421,1.6570042376182874,1.420251420059765,
1732,1747,0.75,"[1116, 72, 131]",3,3,15.953848482576664,2.8284271247461903,2.780977031409348,1.9002539500135336,1.4634765165937647,
1755,1760,0.25,"[1116, 71, 132]",3,3,10.196638758964996,2.414213562373095,1.1970429265129492,1.2759553502011596,0.9381542436608228,
1765,1770,0.25,"[1116, 71, 132]",2,4,9.321001598166195,1.4142135623730951,0.6200101993797055,0.7244690412990419,,
1781,1782,0.05,"[1116, 71, 130]",2,2,9.321001598166195,1.4142135623730951,0.0,0.0,,
1782,1796,0.7,"[1116, 71, 130]",2,5,20.53138753764188,1.4142135623730951,2.051812107914034,1.432072467396732,1.4327571785832074,
1799,1800,0.05,"[1116, 71, 130]",8,262,84.38880105327064,8.65685424949238,0.07928927528705466,0.04329194933509992,,
1801,1802,0.05,"[1116, 71, 130]",8,262,84.38880105327064,8.65685424949238,0.1510374096943633,0.08246643527173901,,
1803,1804,0.05,"[1116, 71, 130]",9,644,113.67195709111743,9.65685424949238,0.17242658163423005,0.09414492450751497,,
1808,1809,0.05,"[1116, 71, 130]",10,921,128.28989686192364,12.81913190966076,0.10636685335930837,0.09756750416574086,,
1814,1820,0.3,"[1116, 71, 130]",2,2,9.321001598166195,1.4142135623730951,0.8536268058001977,0.9465461276112072,,
1844,1845,0.05,"[1117, 69, 131]",2,3,9.321001598166195,1.4142135623730951,0.0,0.0,,
1845,1848,0.15,"[1117, 69, 131]",3,4,12.88479347272072,2.414213562373095,0.2495080157145767,0.3322313998660926,,
1848,1850,0.1,"[1117, 69, 131]",2,2,9.321001598166195,1.4142135623730951,0.12789035714449293,0.06982814311161314,,
1854,1859,0.25,"[1117, 69, 131]",2,3,9.321001598166195,1.4142135623730951,0.6416604283304247,0.803715865937939,,
1866,1869,0.15,"[1117, 69, 131]",2,2,3.5637918745545254,1.0,0.32548953523070834,0.4246494074337776,,
1889,1912,1.15,"[1118, 70, 129]",4,132,62.13010395024811,3.0,2.8011060291486354,2.5585269998169875,1.0948119872680646,
1912,1913,0.05,"[1118, 70, 129]",4,14,37.35857666029514,3.0,0.005363303422206361,0.0,,
1917,1939,1.1,"[1118, 70, 129]",6,30,38.54376475947166,5.414213562373095,4.863705459752607,3.4181187476933,1.4229188096624361,
1941,1989,2.4,"[1118, 70, 129]",7,211,85.89053458376763,6.414213562373095,7.149431150277952,3.206757804402313,2.229488968721942,
1993,1994,0.05,"[1118, 70, 129]",3,3,10.196638758964996,2.414213562373095,0.0,0.0,,
1994,2038,2.2,"[1118, 70, 129]",8,22,40.314911964850474,8.650281539872886,9.685412947035479,5.050336057696271,1.9177759334006608,
2039,2068,1.45,"[1118, 70, 129]",4,39,32.32763167015109,3.8284271247461903,5.2298872565543375,3.237316355146923,1.6155008293333704,
2104,2108,0.2,"[1116, 70, 129]",2,2,3.5637918745545254,1.0,0.41342223966232194,0.5906619263842546,,
2109,2114,0.25,"[1116, 70, 129]",2,2,3.5637918745545254,1.0,1.0548930146321496,1.080010760912825,0.9767430592455894,
2120,2137,0.85,"[1116, 70, 129]",5,8,14.255167498218102,4.0,3.573466248711335,2.7619183742694826,1.2938348511680775,
2160,2164,0.2,"[1117, 69, 130]",2,2,3.5637918745545254,1.0,0.5593007780133191,0.687578166530435,,
2178,2179,0.05,"[1118, 69, 129]",2,2,3.5637918745545254,1.0,0.0,0.0,,
2180,2186,0.3,"[1118, 69, 129]",3,4,7.127583749109051,2.0,1.02754520368583,1.1134879528022423,0.9228166331749473,
2192,2216,1.2,"[1119, 70, 129]",5,30,31.22276316130546,4.414213562373095,4.574970303610873,2.7608132961583443,1.6571096314180018,
2220,2221,0.05,"[1119, 70, 129]",2,2,9.25914193392461,1.4142135623730951,0.016245420966916158,0.008870000878130013,,
2221,2240,0.95,"[1119, 70, 129]",3,4,18.580143532090805,2.8284271247461903,2.969711421360998,2.5792997137383864,1.1513634516931561,
2264,2265,0.05,"[1119, 70, 131]",2,1,0.0,1.0,0.0,0.0,,
2269,2271,0.1,"[1119, 70, 131]",3,26,29.852389135808075,2.8284271247461903,0.0979999302245291,0.17059074857486078,,
2276,2290,0.7,"[1119, 70, 131]",2,14,20.53138753764188,1.4142135623730951,1.7554346587578675,1.208830572534793,1.4521759282418727,
2325,2331,0.3,"[1119, 69, 129]",2,6,18.53138753764188,1.0,0.029400003620480723,0.045452407461717595,,
2350,2406,2.8,"[1119, 68, 134]",7,314,75.08079279537438,8.478708664619075,10.407924838109933,3.5712419472939794,2.9143712444339656,
2426,2440,0.7,"[1120, 68, 134]",2,2,13.174950993911652,2.23606797749979,3.0448503098003132,2.2865160409618146,1.3316549087140925,
2448,2449,0.05,"[1120, 68, 134]",3,26,25.69478478574062,2.414213562373095,0.0,0.0,,
2449,2474,1.25,"[1120, 68, 134]",6,7,17.81895937277263,5.0,4.35046417963774,2.5487454674022887,1.706904135889169,
2474,2562,4.4,"[1120, 68, 134]",3,46,29.658971286750933,3.6502815398728847,1.3857640623465879,0.6592733476667404,,
2562,2583,1.05,"[1120, 68, 134]",3,9,15.760430633519523,3.6502815398728847,4.585062429999093,3.2588798991419785,1.406944278985636,
2607,2608,0.05,"[1121, 68, 134]",2,8,20.53138753764188,1.4142135623730951,0.0,0.0,,
2608,2617,0.45,"[1121, 68, 134]",3,14,24.101900703800197,2.414213562373095,1.4987631085046775,1.0096084833571095,1.4844993214805908,
2618,2622,0.2,"[1121, 68, 134]",2,2,5.039962802470046,1.4142135623730951,0.648241207958177,0.7361211339116537,,
2655,2664,0.45,"[1119, 70, 135]",2,2,6.63284688441047,1.4142135623730951,1.6406045823286837,1.1440344127108866,1.4340517768527015,
2679,2708,1.45,"[1120, 70, 136]",5,14,23.01957256744413,4.82842712474619,4.412921861057773,2.3761969469922835,1.857136407250886,
2733,2744,0.55,"[1120, 70, 136]",5,18,38.29990576960864,7.404918347287665,2.4849379682256556,2.2533821729633425,1.102759220357993,
2745,2772,1.35,"[1119, 71, 135]",4,12,27.502733243526933,5.576491222541475,6.457632527426082,4.319954989768402,1.4948379190803287,
2780,2781,0.05,"[1121, 65, 134]",2,2,3.5637918745545254,1.0,0.0,0.0,,
2782,2783,0.05,"[1121, 65, 134]",2,2,3.5637918745545254,1.0,0.0,0.0,,
2784,2785,0.05,"[1121, 65, 134]",2,2,3.5637918745545254,1.0,0.0,0.0,,
2786,2787,0.05,"[1121, 65, 134]",2,2,3.5637918745545254,1.0,0.0,0.0,,
2788,2789,0.05,"[1121, 65, 134]",2,2,3.5637918745545254,1.0,0.0,0.0,,
2790,2791,0.05,"[1121, 65, 134]",2,2,3.5637918745545254,1.0,0.0,0.0,,
2792,2793,0.05,"[1121, 65, 134]",2,2,3.5637918745545254,1.0,0.0,0.0,,
2794,2795,0.05,"[1121, 65, 134]",2,2,3.5637918745545254,1.0,0.0,0.0,,
2796,2797,0.05,"[1121, 65, 134]",2,2,3.5637918745545254,1.0,0.0,0.0,,
2798,2799,0.05,"[1121, 65, 134]",2,2,3.5637918745545254,1.0,0.0,0.0,,
2800,2801,0.05,"[1121, 65, 134]",2,2,3.5637918745545254,1.0,0.0,0.0,,
2802,2803,0.05,"[1121, 65, 134]",2,2,3.5637918745545254,1.0,0.0,0.0,,
2804,2805,0.05,"[1121, 65, 134]",2,2,3.5637918745545254,1.0,0.0,0.0,,
2806,2807,0.05,"[1121, 65, 134]",2,2,3.5637918745545254,1.0,0.0,0.0,,
2808,2809,0.05,"[1121, 65, 134]",2,2,3.5637918745545254,1.0,0.0,0.0,,
2810,2811,0.05,"[1121, 65, 134]",2,2,3.5637918745545254,1.0,0.0,0.0,,
2812,2813,0.05,"[1121, 65, 134]",2,2,3.5637918745545254,1.0,0.0,0.0,,
2814,2815,0.05,"[1121, 65, 134]",2,2,3.5637918745545254,1.0,0.0,0.0,,
2816,2817,0.05,"[1121, 65, 134]",2,2,3.5637918745545254,1.0,0.0,0.0,,
2818,2819,0.05,"[1121, 65, 134]",2,2,3.5637918745545254,1.0,0.0,0.0,,
2820,2821,0.05,"[1121, 65, 134]",2,2,3.5637918745545254,1.0,0.0,0.0,,
2822,2823,0.05,"[1121, 65, 134]",2,2,3.5637918745545254,1.0,0.0,0.0,,
